epoch,time,train/box_loss,train/cls_loss,train/dfl_loss,metrics/precision(B),metrics/recall(B),metrics/mAP50(B),metrics/mAP50-95(B),val/box_loss,val/cls_loss,val/dfl_loss,lr/pg0,lr/pg1,lr/pg2
1,367.503,1.69397,1.31276,0.95079,0.43689,0.23991,0.22681,0.12497,1.62465,1.05217,0.9198,0.000369876,0.000369876,0.000369876
2,701.254,1.69964,1.12916,0.92668,0.48592,0.24487,0.24568,0.13453,1.58679,1.01521,0.90734,0.000710897,0.000710897,0.000710897
3,1030.24,1.68023,1.08993,0.91649,0.41407,0.28701,0.27424,0.1536,1.56725,0.96677,0.90089,0.00102259,0.00102259,0.00102259
